Year,Month,Organisation name,Organisation type,"Main, parent or sponsoring department:","Payroll staff;
AO/AA;
Headcount","Payroll staff;
AO/AA;
Full-time equivalent","Payroll staff;
EO;
Headcount","Payroll staff;
EO;
Full-time equivalent","Payroll staff;
SEO/HEO;
Headcount","Payroll staff;
SEO/HEO;
Full-time equivalent","Payroll staff;
Grade 6/7;
Headcount","Payroll staff;
Grade 6/7;
Full-time equivalent","Payroll staff;
SCS;
Headcount","Payroll staff;
SCS;
Full-time equivalent","Payroll staff;
Other, unknown, unspecified;
Headcount","Payroll staff;
Other, unknown, unspecified;
Full-time equivalent","Payroll staff;
Total;
Headcount","Payroll staff;
Total;
Full-time equivalent","Non-payroll staff;
Admin and Clerical;
Headcount","Non-payroll staff;
Admin and Clerical;
Full-time equivalent","Non-payroll staff;
Interim Managers & Specialist Contractors & Medical;
Headcount","Non-payroll staff;
Interim Managers & Specialist Contractors & Medical;
Full-time equivalent","Non-payroll staff;
Other Contingent labour;
Headcount","Non-payroll staff;
Other Contingent labour;
Full-time equivalent","Non-payroll staff;
Total Contingent labour;
Headcount","Non-payroll staff;
Total Contingent labour;
Full-time equivalent","Non-payroll staff;
Consultancy;
Number of Contracts","Grand Total (workforce numbers);
Headcount","Grand Total (workforce numbers);
Full-time equivalent","Payroll staff costs;
Salary","Payroll staff costs;
Allowances","Payroll staff costs;
Non-consolidated performance payments","Payroll staff costs;
Overtime","Payroll staff costs;
Employer pension contributions","Payroll staff costs;
Employer national insurance contributions","Payroll staff costs;
Total paybill","Non-Payroll staff costs;
Contingent labour","Non-Payroll staff costs;
Consultancy","Non-Payroll staff costs;
Total staff costs",Grand Total paybill/staffing (payroll and non-payroll) costs
2026,July,"Department for Culture, Media and Sport",Ministerial Department,"Department for Culture, Media and Sport",5,5,107,105.4,458,449.1,496,480.4,73,68.7,0,0,"1,139","1,109",15,15,8,8,46,45.21,69,68,4,"1,208","1,177","4,928,079.13","163,180.17","217,950.00","10,321.99","1,448,081.35","715,488.75","7,483,101.39","275,015.79","28,502.17","303,517.96","7,786,619.35"
